from,to
0xe4e70C102512365Cf7325c39170E33eA14abB4D6,0xAd91f5d5159A0d40eAFc492E7f98928Bc8236d53
0x8B6E6D75E2e47350067dA750BDe492AE1d0c71EA,0x3bB40079634Ccc021B44e0D927Ed503B72F87827
0x910a5C82A5Eb8a9733876e90787bd53D3452bd13,0x9Be5A3B5e9C7bC626F276aeC21ed60763f2e8a01
0x2186264cF67b36C8E63CA37098645E77c331d769,0x32E2925455dE5DD0ab7fcA581C646d9EB8c07B55
0x1783538b2946FA5645B225520068721bA584494c,0x4eB89FB964C9Cf21ca3032c7b7330a019242168D
0xec91719aC2987482Ddb8bbCf29015F203845858F,0x746B3834A0Be57C38Fa47011DE6E8762EE98e883
0x2BA87323FC73BdF5117A584a8C22124E96e21338,0x14a4CB75eFD483B0E40427D6b400DBAA8C98ec73
0x51333c00d76f5abe965b6185254bb344d29d8b84,0xF03A962B5C7d7963B6BB6fE95af17c1D2BC6B32A
com,0x99EB6D7F0e8a6b88ceDAA064c767E52E92335208,0x4DFD90f2a20E53A3c7481E8B09F1Aa089a5D4488
com,0x8280A99254B63e4eA8a7b15a21B9c24153C62ac4,0xb9832862FDe8fbbEd86BFb03B93d219CbF4dD1b4
0xa3c7dfd1c61844bc642d1b28fb6ab6345158bcc2,0xC544c928F257b88e432dEa61991801dE9A95013f
0xbE8114278B0FFF00eb966AcEeC6c2C21234259A9,0x96c645D3D3706f793Ef52C19bBACe441900eD47D
0xCe9965c9fDB9bB82FbF6311C85AcBdf0F7207dAA,0xD08D793cF5AEC261e322d113d935f9a7EACAae07